Rule,Entropy across targets,Length Following Antecedent,Majority Class
"[('Name', 0)]",[1.24364685 1.79298636],43903,['Transfer' 'Partner']
"[('Name', 1)]",[1.1166112  1.09483366],109626,['Adoption' 'none']
"[('day_of_week_at_outcome', 'Wednesday')]",[1.32709629 1.47985259],21052,['Adoption' 'none']
"[('day_of_week_at_outcome', 'Monday')]",[1.3002236  1.34157384],22425,['Adoption' 'none']
"[('day_of_week_at_outcome', 'Saturday')]",[1.12371742 1.28914061],23520,['Adoption' 'none']
"[('day_of_week_at_outcome', 'Thursday')]",[1.32161435 1.5085443 ],20931,['Adoption' 'none']
"[('day_of_week_at_outcome', 'Friday')]",[1.28603878 1.46106524],21597,['Adoption' 'none']
"[('day_of_week_at_outcome', 'Tuesday')]",[1.26950587 1.4591906 ],24162,['Adoption' 'none']
"[('day_of_week_at_outcome', 'Sunday')]",[1.25409096 1.27802571],19842,['Adoption' 'none']
"[('Animal Type', 'Cat')]",[1.0638043  1.55188167],61212,['Adoption' 'none']
"[('Animal Type', 'Dog')]",[1.19079264 1.03049019],83650,['Adoption' 'none']
"[('Animal Type', 'Other')]",[1.10648929 1.41135978],7862,['Euthanasia' 'Rabies Risk']
"[('Animal Type', 'Bird')]",[1.50620537 1.39367441],775,['Adoption' 'none']
"[('Sex upon Outcome', 'Intact Female')]",[1.06460713 1.43889808],19256,['Transfer' 'Partner']
"[('Sex upon Outcome', 'Spayed Female')]",[0.87378594 0.99145823],48887,['Adoption' 'none']
"[('Sex upon Outcome', 'Neutered Male')]",[0.97310556 1.01158849],53823,['Adoption' 'none']
"[('Sex upon Outcome', 'Intact Male')]",[1.16617988 1.46103238],19747,['Transfer' 'Partner']
"[('Sex upon Outcome', 'Unknown')]",[1.15144609 1.7514817 ],11816,['Euthanasia' 'Rabies Risk']
"[('Age upon Outcome', '15 years')]",[1.37466274 1.24111277],420,['Return to Owner' 'none']
"[('Age upon Outcome', '1 month')]",[1.11205974 1.41066051],6523,['Transfer' 'Partner']
"[('Age upon Outcome', '4 years')]",[1.29171744 1.14913838],5178,['Adoption' 'none']
"[('Age upon Outcome', '3 years')]",[1.33500936 1.24021515],8691,['Adoption' 'none']
"[('Age upon Outcome', '5 years')]",[1.324534   1.16247195],4694,['Adoption' 'none']
"[('Age upon Outcome', '2 months')]",[0.55751387 1.07979994],20603,['Adoption' 'none']
"[('Age upon Outcome', '11 years')]",[1.28250643 1.12513319],826,['Return to Owner' 'none']
"[('Age upon Outcome', '1 week')]",[0.33844765 0.37275644],857,['Transfer' 'Partner']
"[('Age upon Outcome', '10 months')]",[1.00700602 1.0209767 ],2115,['Adoption' 'none']
"[('Age upon Outcome', '2 years')]",[1.40884868 1.48163688],24511,['Adoption' 'none']
"[('Age upon Outcome', '3 months')]",[0.71276927 1.27673142],8138,['Adoption' 'none']
"[('Age upon Outcome', '5 months')]",[1.05168404 1.31349625],3899,['Adoption' 'none']
"[('Age upon Outcome', '1 year')]",[1.36167683 1.46295317],25401,['Adoption' 'none']
"[('Age upon Outcome', '14 years')]",[1.37271932 1.23897257],469,['Return to Owner' 'none']
"[('Age upon Outcome', '4 months')]",[0.88530375 1.29618472],5329,['Adoption' 'none']
"[('Age upon Outcome', '7 years')]",[1.2889384 1.1529832],2670,['Adoption' 'none']
"[('Age upon Outcome', '6 years')]",[1.29326658 1.12245588],3017,['Adoption' 'none']
"[('Age upon Outcome', '11 months')]",[1.03908774 1.02617787],996,['Adoption' 'none']
"[('Age upon Outcome', '9 months')]",[1.12607364 1.19210877],1542,['Adoption' 'none']
"[('Age upon Outcome', '3 days')]",[0.34668522 0.39516435],527,['Transfer' 'Partner']
"[('Age upon Outcome', '2 weeks')]",[0.35604219 0.41594359],2562,['Transfer' 'Partner']
"[('Age upon Outcome', '7 months')]",[1.0341837  1.25192181],2035,['Adoption' 'none']
"[('Age upon Outcome', '10 years')]",[1.41196897 1.30557793],2144,['Return to Owner' 'none']
"[('Age upon Outcome', '3 weeks')]",[0.32827821 0.35432829],2570,['Transfer' 'Partner']
"[('Age upon Outcome', '8 months')]",[1.02631374 1.19357723],2396,['Adoption' 'none']
"[('Age upon Outcome', '2 days')]",[0.31476001 0.35945178],491,['Transfer' 'Partner']
"[('Age upon Outcome', '4 weeks')]",[0.83937027 1.01344076],2185,['Transfer' 'Partner']
"[('Age upon Outcome', '6 months')]",[1.16781809 1.43052418],3729,['Adoption' 'none']
"[('Age upon Outcome', '8 years')]",[1.31820988 1.22362914],2605,['Adoption' 'none']
"[('Age upon Outcome', '1 weeks')]",[0.55626905 0.65550331],1181,['Transfer' 'Partner']
"[('Age upon Outcome', '9 years')]",[1.3009948  1.15026769],1454,['Adoption' 'none']
"[('Age upon Outcome', '12 years')]",[1.43650022 1.38107775],1036,['Return to Owner' 'none']
"[('Age upon Outcome', '0 years')]",[0.73985748 0.76524882],237,['Transfer' 'Partner']
"[('Age upon Outcome', '4 days')]",[0.45712277 0.5645895 ],304,['Transfer' 'Partner']
"[('Age upon Outcome', '1 day')]",[0.48223242 0.53514816],443,['Transfer' 'Partner']
"[('Age upon Outcome', '5 weeks')]",[0.81769285 0.90350605],181,['Transfer' 'Partner']
"[('Age upon Outcome', '16 years')]",[1.31491969 1.09545228],179,['Return to Owner' 'none']
"[('Age upon Outcome', '5 days')]",[0.70745077 0.85592995],199,['Transfer' 'Partner']
"[('Age upon Outcome', '6 days')]",[0.4093489  0.46442582],307,['Transfer' 'Partner']
"[('Age upon Outcome', '18 years')]",[1.20969978 1.01142123],59,['Return to Owner' 'none']
"[('Age upon Outcome', '13 years')]",[1.41514781 1.27947817],660,['Return to Owner' 'none']
"[('Age upon Outcome', '17 years')]",[1.25465161 1.16828561],96,['Return to Owner' 'none']
"[('Breed', 'Siamese')]",[1.02328507 1.36580004],477,['Adoption' 'none']
"[('Breed', 'Chihuahua Shorthair Mix')]",[1.19319283 1.03225815],6210,['Adoption' 'none']
"[('Breed', 'Chihuahua Shorthair')]",[1.22633209 1.14204036],1762,['Adoption' 'none']
"[('Breed', 'Pit Bull Mix')]",[1.28562918 1.05736492],9075,['Adoption' 'none']
"[('Breed', 'Labrador Retriever Mix')]",[1.12119615 1.04296702],7795,['Adoption' 'none']
"[('Breed', 'Domestic Shorthair Mix')]",[1.06726622 1.57312141],30628,['Adoption' 'none']
"[('Breed', 'American Pit Bull Terrier Mix')]",[1.20160876 0.96899714],343,['Adoption' 'none']
"[('Breed', 'Shiba Inu Mix')]",[1.17414945 0.98116793],58,['Adoption' 'none']
"[('Breed', 'Maine Coon Mix')]",[1.03953877 1.29982969],118,['Adoption' 'none']
"[('Breed', 'Black/Tan Hound Mix')]",[0.83412726 0.68118511],141,['Adoption' 'none']
"[('Breed', 'Australian Cattle Dog Mix')]",[1.07280729 1.03838096],1776,['Adoption' 'none']
"[('Breed', 'Domestic Shorthair')]",[1.0147681  1.44629767],20367,['Adoption' 'none']
"[('Breed', 'Labrador Retriever')]",[1.2008775  1.04231226],1748,['Adoption' 'none']
"[('Breed', 'Dachshund Wirehair Mix')]",[1.11299066 0.87005096],133,['Adoption' 'none']
"[('Breed', 'German Shepherd Mix')]",[1.10726311 0.9505972 ],3612,['Adoption' 'none']
"[('Breed', 'Dachshund/Chihuahua Shorthair')]",[0.9844004  0.98819102],322,['Adoption' 'none']
"[('Breed', 'Domestic Medium Hair')]",[1.00532099 1.48139171],1808,['Adoption' 'none']
"[('Breed', 'Domestic Longhair')]",[1.09735744 1.4310612 ],676,['Adoption' 'none']
"[('Breed', 'Plott Hound Mix')]",[0.99471919 1.01936913],449,['Adoption' 'none']
"[('Breed', 'German Shepherd')]",[1.09038874 0.89900155],1551,['Adoption' 'none']
"[('Breed', 'Miniature Schnauzer Mix')]",[1.22390141 0.8880122 ],606,['Adoption' 'none']
"[('Breed', 'Anatol Shepherd')]",[1.11971751 1.05065565],120,['Adoption' 'none']
"[('Breed', 'Bat')]",[0.44846975 0.49389798],2041,['Euthanasia' 'Rabies Risk']
"[('Breed', 'Weimaraner Mix')]",[1.16387637 0.82938049],59,['Adoption' 'none']
"[('Breed', 'Bat Mix')]",[0.45481634 0.54216687],1571,['Euthanasia' 'Rabies Risk']
"[('Breed', 'Redbone Hound Mix')]",[0.90400277 0.64558319],94,['Adoption' 'none']
"[('Breed', 'Siberian Husky')]",[1.1295561 0.7339372],758,['Adoption' 'none']
"[('Breed', 'Guinea Pig')]",[0.86316408 1.09830982],488,['Adoption' 'Partner']
"[('Breed', 'American Shorthair Mix')]",[1.11546793 1.57015075],202,['Transfer' 'none']
"[('Breed', 'Rat Mix')]",[0.93517721 1.08252628],70,['Transfer' 'Partner']
"[('Breed', 'Staffordshire Mix')]",[1.17968038 0.9207399 ],718,['Adoption' 'none']
"[('Breed', 'Pointer Mix')]",[0.96504302 0.91342508],579,['Adoption' 'none']
"[('Breed', 'American Bulldog Mix')]",[1.19267317 1.0321603 ],532,['Adoption' 'none']
"[('Breed', 'Boxer Mix')]",[1.20306106 1.06505611],1065,['Adoption' 'none']
"[('Breed', 'Rhod Ridgeback Mix')]",[1.08687472 0.6089985 ],101,['Adoption' 'none']
"[('Breed', 'Cocker Spaniel Mix')]",[1.21666429 0.79721049],141,['Return to Owner' 'none']
"[('Breed', 'Australian Cattle Dog')]",[1.0770064 1.0601144],479,['Adoption' 'none']
"[('Breed', 'Shih Tzu')]",[1.0352222  0.88572113],260,['Transfer' 'Partner']
"[('Breed', 'American Staffordshire Terrier Mix')]",[1.25893913 0.94714679],277,['Adoption' 'none']
"[('Breed', 'Chicken')]",[1.27994927 1.18885137],176,['Adoption' 'none']
"[('Breed', 'Raccoon')]",[0.42987214 1.14203952],724,['Euthanasia' 'Rabies Risk']
"[('Breed', 'Maltese Mix')]",[1.17378589 0.88993571],223,['Adoption' 'none']
"[('Breed', 'Domestic Longhair Mix')]",[1.15818146 1.54607101],1520,['Adoption' 'none']
"[('Breed', 'Dachshund Mix')]",[1.15635724 0.9810377 ],1064,['Adoption' 'none']
"[('Breed', 'Pekingese Mix')]",[1.08637471 0.8155673 ],88,['Transfer' 'none']
"[('Breed', 'Pit Bull')]",[1.26719278 1.08580652],2961,['Adoption' 'none']
"[('Breed', 'Chihuahua Shorthair/Dachshund')]",[1.03452732 0.91145373],401,['Adoption' 'none']
"[('Breed', 'Manx Mix')]",[0.95792883 1.43641001],101,['Adoption' 'none']
"[('Breed', 'Pomeranian')]",[1.15508791 0.82380444],84,['Return to Owner' 'none']
"[('Breed', 'Rottweiler Mix')]",[1.28033955 0.96027123],456,['Adoption' 'none']
"[('Breed', 'Great Pyrenees/Labrador Retriever')]",[1.11376256 0.78195911],84,['Adoption' 'none']
"[('Breed', 'Border Collie Mix')]",[1.0669091  0.96633676],1025,['Adoption' 'none']
"[('Breed', 'Labrador Retriever/Pit Bull')]",[1.21861182 1.01920923],451,['Adoption' 'none']
"[('Breed', 'Miniature Schnauzer')]",[1.22529405 0.95324934],162,['Return to Owner' 'none']
"[('Breed', 'Pit Bull/Labrador Retriever')]",[1.26125854 1.09264771],261,['Adoption' 'none']
"[('Breed', 'Great Pyrenees Mix')]",[1.14306736 1.05119337],688,['Adoption' 'none']
"[('Breed', 'Raccoon Mix')]",[0.33016315 1.2058957 ],488,['Euthanasia' 'Rabies Risk']
"[('Breed', 'Pug Mix')]",[1.11965105 0.88457692],154,['Return to Owner' 'none']
"[('Breed', 'Opossum')]",[0.68191057 1.68778262],167,['Euthanasia' 'Suffering']
"[('Breed', 'Pug')]",[0.94845501 0.79469837],157,['Transfer' 'Partner']
"[('Breed', 'Anatol Shepherd Mix')]",[1.01247796 0.95575446],483,['Adoption' 'none']
"[('Breed', 'Beagle Mix')]",[1.15614564 0.9586409 ],599,['Adoption' 'none']
"[('Breed', 'Miniature Poodle Mix')]",[1.20666629 0.86407816],834,['Adoption' 'none']
"[('Breed', 'Rabbit Sh')]",[1.110011   1.12962423],265,['Adoption' 'none']
"[('Breed', 'Rat Terrier Mix')]",[1.23397657 0.90989912],648,['Adoption' 'none']
"[('Breed', 'Siamese Mix')]",[1.11733528 1.54605207],1324,['Adoption' 'none']
"[('Breed', 'Domestic Medium Hair Mix')]",[1.08795198 1.60503278],3032,['Adoption' 'none']
"[('Breed', 'Beagle')]",[1.11393395 0.828054  ],154,['Return to Owner' 'none']
"[('Breed', 'Cairn Terrier Mix')]",[1.10172293 0.90006906],539,['Adoption' 'none']
"[('Breed', 'English Bulldog Mix')]",[1.21423773 0.84121042],99,['Return to Owner' 'none']
"[('Breed', 'Norfolk Terrier Mix')]",[1.0884174  0.83410645],115,['Adoption' 'none']
"[('Breed', 'Yorkshire Terrier Mix')]",[1.22975214 0.95548115],622,['Adoption' 'none']
"[('Breed', 'Australian Kelpie Mix')]",[1.03241682 0.98740268],418,['Adoption' 'none']
"[('Breed', 'Australian Shepherd Mix')]",[1.16783715 1.12362889],782,['Adoption' 'none']
"[('Breed', 'Vizsla Mix')]",[0.91431716 0.52606461],66,['Adoption' 'none']
"[('Breed', 'Collie Smooth Mix')]",[0.99357506 1.04403975],115,['Adoption' 'none']
"[('Breed', 'Labrador Retriever/Pointer')]",[1.05946636 0.96308413],79,['Adoption' 'none']
"[('Breed', 'Snowshoe Mix')]",[0.91126318 1.3789406 ],213,['Adoption' 'none']
"[('Breed', 'Boston Terrier Mix')]",[1.09866762 0.65095948],121,['Return to Owner' 'none']
"[('Breed', 'Cairn Terrier')]",[1.18802293 1.18489582],186,['Adoption' 'none']
"[('Breed', 'Jack Russell Terrier Mix')]",[1.13619373 0.97323775],604,['Adoption' 'none']
"[('Breed', 'Labrador Retriever/Border Collie')]",[0.98868222 0.93732338],164,['Adoption' 'none']
"[('Breed', 'Chihuahua Longhair Mix')]",[1.140304   0.94926461],500,['Adoption' 'none']
"[('Breed', 'Miniature Poodle')]",[1.37259776 1.08845005],202,['Return to Owner' 'none']
"[('Breed', 'Papillon Mix')]",[1.08766305 0.88888889],65,['Adoption' 'none']
"[('Breed', 'Great Pyrenees')]",[1.25615604 1.21633133],437,['Adoption' 'none']
"[('Breed', 'American Pit Bull Terrier')]",[1.3345145 1.136875 ],227,['Adoption' 'none']
"[('Breed', 'Australian Shepherd')]",[1.08274355 0.85122237],144,['Adoption' 'none']
"[('Breed', 'Doberman Pinsch Mix')]",[1.27601354 1.03221863],203,['Adoption' 'none']
"[('Breed', 'Siberian Husky Mix')]",[1.12405413 0.8729366 ],865,['Adoption' 'none']
"[('Breed', 'Toy Poodle Mix')]",[1.19750034 0.84444201],113,['Return to Owner' 'none']
"[('Breed', 'Chihuahua Longhair')]",[1.08047686 0.92158738],141,['Adoption' 'none']
"[('Breed', 'Bichon Frise Mix')]",[1.18277079 0.93882008],74,['Return to Owner' 'none']
"[('Breed', 'Manchester Terrier Mix')]",[1.03662271 0.82907506],119,['Adoption' 'none']
"[('Breed', 'Australian Cattle Dog/German Shepherd')]",[0.80756356 0.76947281],58,['Adoption' 'none']
"[('Breed', 'Mastiff Mix')]",[1.26361577 0.9847053 ],155,['Adoption' 'none']
"[('Breed', 'Miniature Pinscher')]",[1.07044245 0.83651269],93,['Adoption' 'none']
"[('Breed', 'Skunk')]",[0.27242085 0.72990767],155,['Euthanasia' 'Rabies Risk']
"[('Breed', 'Fox')]",[0.38371882 1.02280857],123,['Euthanasia' 'Rabies Risk']
"[('Breed', 'German Shepherd/Labrador Retriever')]",[1.04139047 1.00457099],343,['Adoption' 'none']
"[('Breed', 'Golden Retriever Mix')]",[1.13713741 0.90238125],246,['Adoption' 'none']
"[('Breed', 'Pug/Beagle')]",[1.04575891 0.79690015],58,['Adoption' 'none']
"[('Breed', 'Pit Bull/Boxer')]",[1.24934686 1.1240909 ],109,['Adoption' 'none']
"[('Breed', 'Miniature Pinscher Mix')]",[1.07524123 0.82171591],217,['Adoption' 'none']
"[('Breed', 'Jack Russell Terrier/Chihuahua Shorthair')]",[1.01325458 0.99306914],72,['Adoption' 'none']
"[('Breed', 'Labrador Retriever/Great Pyrenees')]",[0.94575722 0.93762338],148,['Adoption' 'none']
"[('Breed', 'Cardigan Welsh Corgi Mix')]",[1.07196905 1.09614037],149,['Adoption' 'none']
"[('Breed', 'Pug/Chihuahua Shorthair')]",[1.14777174 0.90080157],52,['Transfer' 'none']
"[('Breed', 'Boston Terrier')]",[1.1653613  0.79948235],73,['Return to Owner' 'none']
"[('Breed', 'Rat')]",[0.99727152 1.28716397],60,['Transfer' 'Partner']
"[('Breed', 'Skunk Mix')]",[0.30520603 0.92254541],90,['Euthanasia' 'Rabies Risk']
"[('Breed', 'Labrador Retriever/German Shepherd')]",[1.04475886 1.00206496],295,['Adoption' 'none']
"[('Breed', 'Shih Tzu Mix')]",[1.08189863 0.89736017],394,['Transfer' 'Partner']
"[('Breed', 'Chow Chow Mix')]",[1.39912821 1.13030362],189,['Return to Owner' 'none']
"[('Breed', 'Rat Terrier')]",[1.20026481 0.88787592],125,['Adoption' 'none']
"[('Breed', 'German Shepherd/Siberian Husky')]",[0.92498275 0.86484734],102,['Adoption' 'none']
"[('Breed', 'Belgian Malinois Mix')]",[1.01622248 0.98041737],124,['Adoption' 'none']
"[('Breed', 'American Bulldog')]",[1.37538622 1.16947686],137,['Adoption' 'none']
"[('Breed', 'Australian Cattle Dog/Labrador Retriever')]",[1.04564316 0.90260727],122,['Adoption' 'none']
"[('Breed', 'Pointer/Labrador Retriever')]",[1.06203867 0.84173049],75,['Adoption' 'none']
"[('Breed', 'Catahoula Mix')]",[1.1015436  0.92158663],769,['Adoption' 'none']
"[('Breed', 'Bull Terrier Mix')]",[1.25522461 0.88903477],106,['Return to Owner' 'none']
"[('Breed', 'Black Mouth Cur Mix')]",[0.9566378  0.94560609],473,['Adoption' 'none']
"[('Breed', 'Rottweiler')]",[1.29465564 1.00461582],284,['Adoption' 'none']
"[('Breed', 'Golden Retriever')]",[1.06398747 1.0087621 ],68,['Return to Owner' 'none']
"[('Breed', 'Belgian Malinois')]",[1.17117041 0.95350561],92,['Adoption' 'none']
"[('Breed', 'Mastiff')]",[1.20357947 1.04818674],57,['Adoption' 'none']
"[('Breed', 'Wire Hair Fox Terrier Mix')]",[0.9769594  0.59344753],54,['Adoption' 'none']
"[('Breed', 'Boxer')]",[1.23385819 1.02254801],271,['Adoption' 'none']
"[('Breed', 'Opossum Mix')]",[0.66083488 1.53082982],177,['Euthanasia' 'Suffering']
"[('Breed', 'Yorkshire Terrier')]",[1.27230037 1.15356878],218,['Transfer' 'none']
"[('Breed', 'Border Terrier Mix')]",[0.99551859 0.94658514],234,['Adoption' 'none']
"[('Breed', 'Catahoula/Labrador Retriever')]",[1.1372339  1.29229655],58,['Adoption' 'none']
"[('Breed', 'Dachshund')]",[1.20730544 1.01519783],270,['Transfer' 'none']
"[('Breed', 'West Highland Mix')]",[1.06925852 0.79505571],66,['Return to Owner' 'none']
"[('Breed', 'Whippet Mix')]",[0.9673288  0.91705779],97,['Adoption' 'none']
"[('Breed', 'Labrador Retriever/Boxer')]",[0.98054877 0.72405035],82,['Adoption' 'none']
"[('Breed', 'Siberian Husky/German Shepherd')]",[0.87541282 0.8009919 ],115,['Adoption' 'none']
"[('Breed', 'Dachshund Longhair Mix')]",[1.11911412 1.00214333],127,['Adoption' 'none']
"[('Breed', 'Bulldog Mix')]",[1.17933924 0.95515264],71,['Adoption' 'none']
"[('Breed', 'Great Dane Mix')]",[1.15718092 0.942354  ],129,['Return to Owner' 'none']
"[('Breed', 'English Bulldog')]",[1.11386955 0.86873096],86,['Return to Owner' 'none']
"[('Breed', 'Alaskan Husky Mix')]",[1.17282225 0.9009789 ],179,['Adoption' 'none']
"[('Breed', 'Treeing Walker Coonhound Mix')]",[1.0030843  1.08776771],70,['Adoption' 'none']
"[('Breed', 'Squirrel Mix')]",[0.31150853 1.33081745],74,['Euthanasia' 'Suffering']
"[('Breed', 'Lhasa Apso Mix')]",[1.13130169 0.86668059],140,['Transfer' 'Partner']
"[('Breed', 'Catahoula')]",[0.97584451 0.83796375],132,['Adoption' 'none']
"[('Breed', 'Doberman Pinsch')]",[1.24685257 1.08236849],193,['Adoption' 'none']
"[('Breed', 'Dalmatian Mix')]",[1.04485455 0.7603044 ],64,['Adoption' 'none']
"[('Breed', 'Queensland Heeler Mix')]",[1.09645684 1.08918301],175,['Adoption' 'none']
"[('Breed', 'Alaskan Husky')]",[1.30460299 0.84318423],142,['Adoption' 'none']
"[('Breed', 'Australian Kelpie')]",[0.90707565 0.66239907],53,['Adoption' 'none']
"[('Breed', 'Boxer/Labrador Retriever')]",[1.20876968 0.94840414],94,['Adoption' 'none']
"[('Breed', 'Chicken Mix')]",[1.34908199 1.29827262],135,['Adoption' 'none']
"[('Breed', 'Boxer/Pit Bull')]",[1.15748699 1.06698445],112,['Adoption' 'none']
"[('Breed', 'Dutch Shepherd Mix')]",[0.94007503 1.01564374],88,['Adoption' 'none']
"[('Breed', 'Plott Hound')]",[0.93341538 1.06568089],97,['Adoption' 'none']
"[('Breed', 'Chihuahua Shorthair/Jack Russell Terrier')]",[0.94566513 1.05832422],60,['Adoption' 'none']
"[('Breed', 'Guinea Pig Mix')]",[0.28657737 0.30966185],136,['Transfer' 'Partner']
"[('Breed', 'German Shepherd/Australian Cattle Dog')]",[1.04858151 0.87589959],59,['Adoption' 'none']
"[('Breed', 'Maltese')]",[1.14830918 1.04123328],126,['Transfer' 'none']
"[('Breed', 'Miniature Schnauzer/Miniature Poodle')]",[1.10957741 0.82392594],92,['Adoption' 'none']
"[('Breed', 'Dachshund Longhair')]",[1.08571553 0.81237872],50,['Transfer' 'none']
"[('Breed', 'Wire Hair Fox Terrier')]",[0.93034523 0.66825372],62,['Adoption' 'none']
"[('Breed', 'Jack Russell Terrier')]",[0.92110432 0.60182038],111,['Adoption' 'none']
"[('Breed', 'Border Collie/Labrador Retriever')]",[1.11294513 1.13365545],136,['Adoption' 'none']
"[('Breed', 'Labrador Retriever/Australian Cattle Dog')]",[1.03145401 1.05743747],153,['Adoption' 'none']
"[('Breed', 'Great Dane')]",[1.269345   0.83294086],78,['Return to Owner' 'none']
"[('Breed', 'Chinese Sharpei Mix')]",[1.26067506 1.05849184],151,['Adoption' 'none']
"[('Breed', 'Rabbit Sh Mix')]",[1.15342612 1.20959841],310,['Transfer' 'Partner']
"[('Breed', 'Black Mouth Cur')]",[0.90706531 0.97240283],104,['Adoption' 'none']
"[('Breed', 'American Staffordshire Terrier')]",[1.2388716  1.00065894],101,['Adoption' 'none']
"[('Breed', 'Chinese Sharpei')]",[1.25041363 1.22026795],54,['Adoption' 'none']
"[('Breed', 'Chihuahua Shorthair/Pug')]",[1.11686018 0.93025238],90,['Adoption' 'none']
"[('Breed', 'Harrier Mix')]",[1.00567931 0.99736761],97,['Adoption' 'none']
"[('Breed', 'Rat Terrier/Chihuahua Shorthair')]",[1.01104021 0.85710306],82,['Adoption' 'none']
"[('Breed', 'Carolina Dog Mix')]",[1.18453535 1.15399707],110,['Adoption' 'none']
"[('Breed', 'Parakeet')]",[1.44211928 1.37036929],64,['Adoption' 'none']
"[('Breed', 'Akita Mix')]",[1.22010844 0.85052361],69,['Adoption' 'none']
"[('Breed', 'Staffordshire')]",[1.12641107 0.76602423],120,['Adoption' 'none']
"[('Breed', 'Pointer')]",[1.11332891 1.05121597],102,['Adoption' 'none']
"[('Breed', 'Maltese/Miniature Poodle')]",[1.16996668 0.78451285],104,['Adoption' 'none']
"[('Breed', 'Chihuahua Shorthair/Rat Terrier')]",[1.07472634 0.91751103],86,['Adoption' 'none']
"[('Breed', 'Basset Hound')]",[1.14784186 1.03612023],66,['Return to Owner' 'none']
"[('Breed', 'Labrador Retriever/Chow Chow')]",[1.13857751 1.02121376],58,['Adoption' 'none']
"[('Breed', 'German Shorthair Pointer Mix')]",[1.00161117 0.72464723],68,['Adoption' 'none']
"[('Breed', 'German Shepherd/Alaskan Husky')]",[1.00249956 0.62415689],50,['Adoption' 'none']
"[('Breed', 'Fox Mix')]",[0.39102433 1.20066571],55,['Euthanasia' 'Rabies Risk']
"[('Breed', 'Basenji Mix')]",[0.89387985 0.70185313],80,['Adoption' 'none']
"[('Breed', 'Blue Lacy Mix')]",[0.85967476 0.7388646 ],210,['Adoption' 'none']
"[('Breed', 'American Foxhound Mix')]",[1.08504874 1.0074834 ],62,['Adoption' 'none']
"[('Breed', 'Toy Poodle')]",[1.15310029 0.76201162],53,['Transfer' 'none']
"[('Breed', 'Border Collie')]",[1.17165767 0.91679251],188,['Adoption' 'none']
"[('Breed', 'English Coonhound Mix')]",[0.90867468 0.57089759],52,['Adoption' 'none']
"[('Breed', 'Cocker Spaniel')]",[1.05988013 1.10268377],78,['Transfer' 'Partner']
"[('Breed', 'Chow Chow')]",[1.26016038 1.18539954],63,['Adoption' 'none']
"[('Breed', 'French Bulldog')]",[0.99268964 0.75501134],69,['Return to Owner' 'none']
"[('Breed', 'Labrador Retriever/Beagle')]",[1.03570365 0.82733301],79,['Adoption' 'none']
"[('Breed', 'Russian Blue Mix')]",[0.9976577 1.2972723],83,['Adoption' 'none']
"[('Breed', 'Pbgv Mix')]",[1.08024036 0.63676624],61,['Adoption' 'none']
"[('Breed', 'Border Terrier')]",[0.93550864 0.97369977],55,['Adoption' 'none']
"[('Breed', 'Smooth Fox Terrier Mix')]",[1.02755196 1.02317847],52,['Adoption' 'none']
"[('Breed', 'Collie Rough Mix')]",[1.16487882 0.86439328],58,['Adoption' 'none']
"[('Breed', 'Basset Hound Mix')]",[1.1224351  0.72245153],154,['Adoption' 'none']
"[('Breed', 'Beagle/Labrador Retriever')]",[0.88756883 0.88996479],59,['Adoption' 'none']
"[('Breed', 'Flat Coat Retriever Mix')]",[1.12388241 1.04921473],112,['Adoption' 'none']
"[('Breed', 'Squirrel')]",[0.64050727 1.44466623],71,['Euthanasia' 'Suffering']
"[('Breed', 'Pembroke Welsh Corgi Mix')]",[1.15007969 0.95798929],84,['Adoption' 'none']
"[('Breed', 'Pomeranian Mix')]",[1.07539779 0.84631969],149,['Return to Owner' 'none']
"[('Breed', 'Norwich Terrier Mix')]",[1.23239532 1.09985093],54,['Adoption' 'none']
"[('Breed', 'Pit Bull/Australian Cattle Dog')]",[1.44373739 1.11679874],58,['Adoption' 'none']
"[('Breed', 'Soft Coated Wheaten Terrier Mix')]",[1.16453275 0.79222286],73,['Adoption' 'none']
"[('Breed', 'Australian Cattle Dog/Pit Bull')]",[1.11546307 0.885341  ],56,['Adoption' 'none']
"[('Breed', 'Bull Terrier')]",[1.22362964 0.96639071],76,['Adoption' 'none']
"[('Breed', 'Standard Schnauzer Mix')]",[0.98195909 0.98831673],88,['Adoption' 'none']
"[('Breed', 'Duck')]",[1.01631126 1.02013065],50,['Adoption' 'none']
"[('Color', 'Seal Point')]",[1.13471844 1.55072908],531,['Adoption' 'none']
"[('Color', 'Tan')]",[1.19896885 1.11216628],3697,['Adoption' 'none']
"[('Color', 'Brown')]",[1.50280577 1.41991439],6287,['Euthanasia' 'none']
"[('Color', 'Red')]",[1.41121366 1.2767004 ],1685,['Adoption' 'none']
"[('Color', 'Black/White')]",[1.21606437 1.34757536],15917,['Adoption' 'none']
"[('Color', 'Brown Tabby')]",[1.03816543 1.54628613],9438,['Adoption' 'none']
"[('Color', 'Blue/White')]",[1.2075953  1.22534681],4206,['Adoption' 'none']
"[('Color', 'Blue')]",[1.1323625 1.513761 ],2841,['Adoption' 'none']
"[('Color', 'White/Black')]",[1.20725396 1.25821733],4282,['Adoption' 'none']
"[('Color', 'Orange Tabby')]",[1.05374793 1.543025  ],4515,['Adoption' 'none']
"[('Color', 'Black/Tan')]",[1.15783661 0.99080212],3186,['Adoption' 'none']
"[('Color', 'Black')]",[1.27122425 1.52628875],12907,['Adoption' 'none']
"[('Color', 'Brown/White')]",[1.21913385 1.08373718],4916,['Adoption' 'none']
"[('Color', 'White/Blue')]",[1.2567891 1.3988209],735,['Adoption' 'none']
"[('Color', 'Brown Tabby/White')]",[1.03936999 1.54705604],4787,['Adoption' 'none']
"[('Color', 'Gold')]",[1.22613722 1.11639134],208,['Return to Owner' 'none']
"[('Color', 'Torbie')]",[0.95689046 1.51799637],1919,['Adoption' 'none']
"[('Color', 'Brown Brindle')]",[1.22403342 1.09519287],1322,['Adoption' 'none']
"[('Color', 'Brown/Black')]",[1.42073799 1.31339649],2990,['Adoption' 'none']
"[('Color', 'Tricolor')]",[1.13263632 1.02241773],3248,['Adoption' 'none']
"[('Color', 'Black/Brown')]",[1.30946537 1.16824176],3264,['Adoption' 'none']
"[('Color', 'White')]",[1.29685493 1.14415778],5395,['Adoption' 'none']
"[('Color', 'Cream Tabby')]",[0.98721197 1.51661827],1165,['Adoption' 'none']
"[('Color', 'Brown/Brown')]",[1.18685841 1.04487763],228,['Euthanasia' 'Rabies Risk']
"[('Color', 'Orange Tabby/White')]",[1.03695066 1.48077656],2245,['Adoption' 'none']
"[('Color', 'Blue Tabby')]",[1.00160296 1.53827619],2500,['Adoption' 'none']
"[('Color', 'Tortie')]",[1.03153486 1.54182051],2822,['Adoption' 'none']
"[('Color', 'Gray Tabby')]",[1.11577909 1.48127275],426,['Transfer' 'Partner']
"[('Color', 'Calico/White')]",[0.99270622 1.57727804],191,['Adoption' 'none']
"[('Color', 'Tan/Black')]",[1.10432387 0.9905168 ],1438,['Adoption' 'none']
"[('Color', 'Brown Brindle/White')]",[1.17532755 1.00838149],2549,['Adoption' 'none']
"[('Color', 'Buff')]",[1.18464601 1.02936215],590,['Adoption' 'none']
"[('Color', 'Tan/White')]",[1.18105982 1.01962075],4394,['Adoption' 'none']
"[('Color', 'Chocolate/White')]",[1.12609801 1.02083574],1072,['Adoption' 'none']
"[('Color', 'Blue Tick')]",[0.94929582 1.00604413],138,['Adoption' 'none']
"[('Color', 'Gray/White')]",[1.49976376 1.39613204],715,['Adoption' 'none']
"[('Color', 'Black/Red')]",[1.17061244 0.85058346],109,['Adoption' 'none']
"[('Color', 'Red/White')]",[1.15957945 0.91901   ],1505,['Adoption' 'none']
"[('Color', 'Brown/Tan')]",[1.27465035 1.08158762],578,['Adoption' 'none']
"[('Color', 'Calico')]",[1.03739484 1.55198197],2710,['Adoption' 'none']
"[('Color', 'Gray')]",[1.51231157 1.80250907],827,['Euthanasia' 'none']
"[('Color', 'Silver Tabby')]",[0.94971871 1.51169785],126,['Adoption' 'none']
"[('Color', 'Torbie/White')]",[0.87531697 1.46210957],383,['Adoption' 'none']
"[('Color', 'Cream/Tan')]",[1.03346192 0.93771827],76,['Adoption' 'none']
"[('Color', 'Cream Tabby/White')]",[0.9680104  1.40146078],495,['Adoption' 'none']
"[('Color', 'Gray/Black')]",[1.15528108 1.60826039],521,['Euthanasia' 'Rabies Risk']
"[('Color', 'White/White')]",[1.35511434 1.01726863],158,['Adoption' 'none']
"[('Color', 'White/Gray')]",[1.4440135  1.39654404],599,['Adoption' 'none']
"[('Color', 'Chocolate')]",[1.23721994 1.07304579],616,['Adoption' 'none']
"[('Color', 'White/Brown')]",[1.2237886  1.10760037],2893,['Adoption' 'none']
"[('Color', 'Fawn/White')]",[1.16117689 0.86965488],666,['Adoption' 'none']
"[('Color', 'Fawn')]",[1.296916   1.00592327],312,['Adoption' 'none']
"[('Color', 'Cream/White')]",[1.13961913 1.06677718],288,['Adoption' 'none']
"[('Color', 'White/Tricolor')]",[1.11453792 1.04958517],346,['Adoption' 'none']
"[('Color', 'Blue Tabby/White')]",[0.93624911 1.44880303],1133,['Adoption' 'none']
"[('Color', 'Fawn/Black')]",[1.12646718 1.04168434],82,['Transfer' 'none']
"[('Color', 'White/Cream')]",[1.1095534  1.11586875],188,['Adoption' 'none']
"[('Color', 'Cream')]",[1.20703664 1.15393499],905,['Adoption' 'none']
"[('Color', 'Yellow')]",[1.21241002 0.97540576],716,['Adoption' 'none']
"[('Color', 'Lilac Point')]",[0.98587016 1.40057391],164,['Adoption' 'Partner']
"[('Color', 'White/Brown Tabby')]",[1.05719842 1.51643937],646,['Adoption' 'none']
"[('Color', 'Black Smoke')]",[0.93022022 1.32623228],224,['Adoption' 'none']
"[('Color', 'Black/Tricolor')]",[1.06096574 0.84972966],478,['Adoption' 'none']
"[('Color', 'White/Buff')]",[1.1426683  1.01118109],96,['Adoption' 'none']
"[('Color', 'Seal Point/White')]",[0.87716246 1.33273591],84,['Adoption' 'none']
"[('Color', 'Flame Point')]",[1.02916266 1.42514913],395,['Adoption' 'none']
"[('Color', 'Lynx Point')]",[1.03531056 1.52080068],813,['Adoption' 'none']
"[('Color', 'Black/Blue Tick')]",[0.88260558 0.57564742],51,['Adoption' 'none']
"[('Color', 'Gray Tabby/White')]",[1.14299238 1.64935431],196,['Transfer' 'none']
"[('Color', 'Calico Point')]",[1.14849528 1.46454374],61,['Adoption' 'none']
"[('Color', 'White/Tan')]",[1.16617362 1.04134318],2146,['Adoption' 'none']
"[('Color', 'Black Tabby')]",[1.00213698 1.41926229],249,['Transfer' 'Partner']
"[('Color', 'Sable')]",[1.1619398  1.16623123],676,['Adoption' 'none']
"[('Color', 'Sable/White')]",[1.07299571 1.2184437 ],317,['Adoption' 'none']
"[('Color', 'Chocolate/Tan')]",[1.09256269 0.91887015],307,['Adoption' 'none']
"[('Color', 'White/Orange Tabby')]",[1.0086595 1.4630124],228,['Adoption' 'none']
"[('Color', 'Black Brindle/White')]",[1.18591828 0.91148913],281,['Adoption' 'none']
"[('Color', 'Orange')]",[1.26448076 1.60506143],198,['Transfer' 'Partner']
"[('Color', 'Orange/White')]",[1.33193173 1.5720552 ],219,['Transfer' 'Partner']
"[('Color', 'White/Brown Brindle')]",[1.17332093 1.02177626],542,['Adoption' 'none']
"[('Color', 'Red/Tan')]",[1.33927029 0.97643616],99,['Adoption' 'none']
"[('Color', 'Chocolate Point')]",[1.11522618 1.46878646],82,['Adoption' 'none']
"[('Color', 'Tortie/White')]",[0.91974786 1.37343294],150,['Adoption' 'none']
"[('Color', 'Red Tick')]",[0.98167527 0.9946213 ],119,['Adoption' 'none']
"[('Color', 'Sable/Black')]",[1.00689593 1.05345425],56,['Adoption' 'none']
"[('Color', 'Brown Brindle/Black')]",[1.26257165 1.15089736],100,['Adoption' 'none']
"[('Color', 'Tan/Brown')]",[1.33769774 1.06458164],184,['Adoption' 'none']
"[('Color', 'Black/Black')]",[1.31465674 1.5138064 ],211,['Transfer' 'none']
"[('Color', 'Tortie Point')]",[1.01730096 1.37472008],152,['Adoption' 'none']
"[('Color', 'White/Orange')]",[1.24735209 1.40986864],150,['Adoption' 'none']
"[('Color', 'White/Red')]",[1.21003277 1.11475478],289,['Adoption' 'none']
"[('Color', 'Yellow Brindle/White')]",[1.02898516 0.92316788],75,['Adoption' 'none']
"[('Color', 'Blue Merle')]",[1.11546341 0.98149008],284,['Adoption' 'none']
"[('Color', 'Black/Brown Brindle')]",[0.9859888  0.99230987],173,['Adoption' 'none']
"[('Color', 'White/Chocolate')]",[1.19444327 1.13232999],161,['Adoption' 'none']
"[('Color', 'Black Brindle')]",[1.07612485 0.92905534],157,['Adoption' 'none']
"[('Color', 'Brown Tabby/Black')]",[1.16420048 1.3059344 ],85,['Transfer' 'Partner']
"[('Color', 'Black/Gray')]",[1.43943245 1.49429524],611,['Euthanasia' 'none']
"[('Color', 'Red/Black')]",[1.23881995 1.1065781 ],281,['Adoption' 'none']
"[('Color', 'Red/Brown')]",[1.50058723 1.16095085],69,['Adoption' 'none']
"[('Color', 'Brown/Tricolor')]",[1.01592153 0.91511856],168,['Adoption' 'none']
"[('Color', 'Gold/White')]",[1.22536352 1.09016115],80,['Adoption' 'none']
"[('Color', 'Tricolor/Brown')]",[1.14929137 0.97233636],81,['Adoption' 'none']
"[('Color', 'Red Merle')]",[1.13930133 0.9738471 ],75,['Adoption' 'none']
"[('Color', 'Lynx Point/White')]",[1.06537949 1.38138984],95,['Adoption' 'none']
"[('Color', 'Tan/Cream')]",[0.99619346 0.78275902],74,['Adoption' 'none']
"[('Color', 'Buff/White')]",[1.2088815  1.00477468],165,['Adoption' 'none']
"[('Color', 'Blue Merle/White')]",[1.04697279 0.93098024],228,['Adoption' 'none']
"[('Color', 'Black Tabby/White')]",[0.93626657 1.31350915],83,['Adoption' 'Partner']
"[('Color', 'Gray/Tan')]",[1.28947843 1.09672443],60,['Adoption' 'none']
"[('Color', 'Red Tick/White')]",[1.04067942 1.00642702],60,['Adoption' 'none']
"[('Color', 'Blue Merle/Tan')]",[1.06241335 0.6644838 ],61,['Adoption' 'none']
"[('Color', 'Gray/Brown')]",[1.59195072 1.32575126],58,['Euthanasia' 'none']
"[('Color', 'Tricolor/Black')]",[1.13943248 0.9574842 ],79,['Adoption' 'none']
"[('Color', 'White/Blue Tabby')]",[1.00485772 1.55813534],119,['Adoption' 'none']
"[('Color', 'Silver')]",[1.27544883 0.92984764],69,['Adoption' 'none']
"[('Color', 'Yellow/White')]",[1.06142692 0.94082853],177,['Adoption' 'none']
"[('Color', 'White/Blue Merle')]",[1.17497845 0.79708622],67,['Adoption' 'none']
"[('Color', 'Blue Cream')]",[1.16250488 1.54891674],90,['Adoption' 'none']
"[('Color', 'Blue/Tan')]",[1.26512811 0.95495009],136,['Adoption' 'none']
"[('Color', 'Brown Merle')]",[1.04451608 0.91426378],150,['Adoption' 'none']
"[('Color', 'Black Smoke/White')]",[1.03973286 1.10342571],57,['Adoption' 'none']
"[('Color', 'Brown Merle/White')]",[1.06954617 0.84156337],156,['Adoption' 'none']
"[('Color', 'Tricolor/White')]",[0.97250299 0.87811811],150,['Adoption' 'none']
"[('Color', 'Tan/Tan')]",[1.18594475 1.02768741],52,['Adoption' 'none']
"[('Color', 'White/Cream Tabby')]",[0.96073517 1.31819979],54,['Adoption' 'none']
"[('Color', 'Blue Point')]",[1.10431122 1.49168183],100,['Adoption' 'none']
"[('Color', 'Red Merle/White')]",[1.09346991 0.84640289],58,['Adoption' 'none']
"[('Color', 'Apricot')]",[1.1595863  0.85264355],88,['Adoption' 'none']
"[('Color', 'Brown/Gray')]",[1.34378247 1.73651683],91,['Euthanasia' 'none']
"[('Color', 'Black/Cream')]",[1.18641962 0.93275523],58,['Adoption' 'none']
"[('Color', 'Cream/Black')]",[1.22296342 0.87592938],81,['Adoption' 'none']
"[('Color', 'Brown/Red')]",[1.17517196 1.31794007],60,['Euthanasia' 'none']
